{
    "accuracy": 0.9487929773226043,
    "precision": 0.8896103896103896,
    "recall": 0.7210526315789474
}
