{
    "accuracy": 0.9462431276725718,
    "precision": 0.845360824742268,
    "recall": 0.7387387387387387
}
